#{"t_start": 1770915137.228113, "env_id": "environments/Balloon3D-v0"}
r,l,t
-236.526635,1095,1390.666934
-70.44838,412,1390.796677
-36.390487,271,1390.881082
-89.967911,280,1390.967731
-174.281161,592,1391.151364
