#{"t_start": 1770918820.156254, "env_id": "environments/Balloon3D-v0"}
r,l,t
25.875991,5000,1356.663618
-593.217476,3919,1357.895119
-866.490735,4083,1359.173959
-17.036468,5000,1360.730707
28.069673,5000,1362.28456
