#{"t_start": 1770886202.0217144, "env_id": "environments/Balloon3D-v0"}
r,l,t
-283.428487,1090,1395.879269
-50.827751,119,1395.916591
-273.149125,391,1396.040807
-77.479063,346,1396.150773
-151.42679,461,1396.29796
