#{"t_start": 1770881566.0634623, "env_id": "environments/Balloon3D-v0"}
r,l,t
-563.959182,1370,1375.268969
-58.500996,139,1375.312823
-27.126878,67,1375.333962
-122.594572,325,1375.43682
-92.695466,280,1375.526998
