#{"t_start": 1770970700.7095456, "env_id": "environments/Balloon3D-v0"}
r,l,t
1719.364433,2497,1427.705596
3267.351727,4667,1429.1706
2523.65388,2665,1429.993582
811.408551,1201,1430.364466
2120.979267,4220,1431.666416
