#{"t_start": 1760091920.8335998, "env_id": "environments/Balloon3D-v0"}
r,l,t
-493.07247,5000,1451.322326
958.800358,5000,1454.411692
617.89675,5000,1457.427146
707.420779,5000,1460.386333
-262.958372,5000,1463.819546
-940.275088,2385,2750.977165
-798.570447,5000,2753.996757
-393.152312,5000,2756.856168
-120.248404,5000,2759.783245
-307.793615,5000,2762.666838
